"TRK_IDNO","TRK_NM","TRK_SNNM","TRK_LNGTH","TRK_CTPRV_NM","TRK_EMNDN_NM","TRK_LTNO","TRK_ARA_NM","TRK_RQRMN_TM","TRK_RST_TM","TRK_SPRT_ITE_IDNO","TRK_BGN_LCTN_LNGTD","TRK_BGN_LCTN_LTTD","TRK_END_LCTN_LNGTD","TRK_END_LCTN_LTTD","TRK_AVRG_GRDNT","TRK_TOP_HASLV","TRK_LOWST_HASLV","TRK_UPR_LNGTH","TRK_FTL_LNGTH","TRK_DST_LNGTH","TRK_DGDFF_VAL","DATA_STCD","DATA_RGSTN_DTM","DATA_UPDT_DTM","DATA_CONNO","OPERT_TPCD","OCCRR_DTM","CNTCT_BGN_DTM","CNTCT_PRCES_DTM","CNTCT_PRCES_STCD","TRNSA_ID"
"20193338814","구기계곡~우이신설도시철도 차량기지_코스","구기계곡~우이신설도시철도 차량기지_코스","9371.00","경상북도","구미시 선주원남동","","tbcmanager","40001","0","1","128.315412","36.113503","128.315381","36.113460","11.25","681.00","36.00","3.00","1.87","4.50","0","ACCEPT","2019-09-25 14:15:54","2019-12-23 13:22:53","45031","I","20190925141554000","20191223012215","20191223012253","S","trk_tx_191223132215004002"
"20193629208","얼음골~낙가산_코스","얼음골~낙가산_코스","4898.00","광주광역시","북구 두암1동","","tbcmanager","20703","0","1","126.931100","35.169358","126.930615","35.168508","12.49","464.00","176.00","1.60","1.80","0.90","0","ACCEPT","2019-09-26 17:40:16","2019-12-23 14:23:53","156284","I","20190926174016000","20191223022215","20191223022353","S","trk_tx_191223142215002000"
"20193763204","동신과학고등학교~녹사래골_코스","동신과학고등학교~녹사래골_코스","1905.00","대구광역시","달서구 진천동","","tbcmanager","4904","0","1","128.508093","35.813683","128.507560","35.813851","3.32","159.00","116.00","0.30","1.40","0.20","0","ACCEPT","2019-09-27 03:13:55","2019-12-23 15:23:39","197627","I","20190927031355000","20191223032215","20191223032339","S","trk_tx_191223152215003001"
"20193787827","제주키아로라리조트~고성리신양공동묘지_코스","제주키아로라리조트~고성리신양공동묘지_코스","1094.00","강원도","태백시 철암동","","tbcmanager","2750","0","1","129.060288","37.123422","129.045884","37.126505","4.57","117.00","37.00","0.50","0.59","0.00","0","ACCEPT","2019-09-27 04:34:15","2019-12-23 15:23:39","207034","I","20190927043415000","20191223032215","20191223032339","S","trk_tx_191223152215003001"
"20193828195","효자봉~봉곡유치원_코스","효자봉~봉곡유치원_코스","7243.00","경기도","성남시 분당구 수내2동","","tbcmanager","30522","0","1","127.121608","37.376026","127.121612","37.376071","7.47","511.00","72.00","0.90","3.24","3.10","0","ACCEPT","2019-09-27 11:53:41","2019-12-23 15:23:39","235248","I","20190927115341000","20191223032215","20191223032339","S","trk_tx_191223152215003001"
"20193945159","신천지하이츠아파트~대구수성소방서_코스","신천지하이츠아파트~대구수성소방서_코스","1907.00","부산광역시","금정구 금성동","","tbcmanager","4826","0","1","129.052712","35.260807","129.051272","35.255680","5.95","181.00","39.00","0.40","1.00","0.50","0","ACCEPT","2019-09-28 05:15:42","2019-12-23 15:23:39","311612","I","20190928051542000","20191223032215","20191223032339","S","trk_tx_191223152215003001"
"20193942358","광대봉~부황리 보길저수지_코스","광대봉~부황리 보길저수지_코스","6389.00","서울특별시","종로구 사직동","","tbcmanager","24532","0","1","126.970721","37.572566","126.970198","37.572388","8.34","411.00","58.00","1.10","2.49","2.20","0","ACCEPT","2019-09-28 05:24:15","2019-12-23 15:23:39","312487","I","20190928052415000","20191223032215","20191223032339","S","trk_tx_191223152215003001"
"20191029","함백산_20190101_060532","함백산_20190101_060532","2029.00","강원도","태백시 문곡소도동","","","10437","5744","1","128.916031","37.154854","128.915985","37.154831","14.75","1601.00","1341.00","0.90","0.20","0.90","0","ACCEPT","2019-09-30 14:43:27","2019-12-17 17:22:27","393946","I","20190930144327000","20191217052200","20191217052227","S","trk_tx_191217172200002000"
"20192040","황령산_20190101_055919","황령산_20190101_055919","2387.00","부산광역시","부산진구 전포1동","","","10744","1125","1","129.068390","35.156681","129.081955","35.157204","10.73","459.00","62.00","1.99","0.40","0.00","0","ACCEPT","2019-09-30 14:43:27","2019-12-17 17:22:27","393947","I","20190930144327000","20191217052200","20191217052227","S","trk_tx_191217172200002000"
"20196089","부산광역시강서구_20181231_212556","부산광역시강서구_20181231_212556","980.00","부산광역시","강서구 명지2동","","","63353","0","1","128.906555","35.083603","128.908127","35.083958","27.22","448.00","39.00","0.10","0.60","0.20","0","ACCEPT","2019-09-30 14:43:30","2019-12-17 17:22:27","393954","I","20190930144330000","20191217052200","20191217052227","S","trk_tx_191217172200002000"
"20195078","경상남도거창군_20190101_054457","경상남도거창군_20190101_054457","6508.00","경상남도","거창군 북상면","","","22914","22934","1","127.712936","35.779839","127.679420","35.745167","10.16","1493.00","679.00","2.20","1.88","1.60","0","ACCEPT","2019-09-30 14:43:29","2019-12-17 17:22:27","393952","I","20190930144329000","20191217052200","20191217052227","S","trk_tx_191217172200002000"
"20193050","함지산_20190101_063742","함지산_20190101_063742","5518.00","대구광역시","북구 동천동","","","21437","2116","1","128.555908","35.933178","128.555954","35.933136","5.64","293.00","78.00","0.82","3.50","1.20","0","ACCEPT","2019-09-30 14:43:27","2019-12-17 17:22:27","393948","I","20190930144327000","20191217052200","20191217052227","S","trk_tx_191217172200002000"
"20192041","경상북도칠곡군_20190101_061017","경상북도칠곡군_20190101_061017","3609.00","경상북도","칠곡군 동명면","","","13138","10315","1","128.590759","36.021133","128.591415","36.018681","13.25","796.00","430.00","1.30","0.80","1.50","0","ACCEPT","2019-09-30 14:43:29","2019-12-17 17:22:27","393953","I","20190930144329000","20191217052200","20191217052227","S","trk_tx_191217172200002000"
"20192042","대전광역시대덕구 계족산 일출. _20190101_061205","대전광역시대덕구 계족산 일출. _20190101_061205","5524.00","대전광역시","대덕구 회덕동","","","13405","5934","1","127.438759","36.406551","127.438637","36.405766","7.58","431.00","109.00","1.40","2.52","1.60","0","ACCEPT","2019-09-30 14:43:31","2019-12-17 17:22:27","393959","I","20190930144331000","20191217052200","20191217052227","S","trk_tx_191217172200002000"
"20194066","태백산장군봉-태백산_20190101_042550","태백산장군봉-태백산_20190101_042550","9216.00","강원도","태백시 문곡소도동","","","41751","4459","1","128.908096","37.120342","128.951416","37.119949","10.68","1640.00","835.00","3.30","1.70","4.20","0","ACCEPT","2019-09-30 14:43:28","2019-12-17 17:22:27","393950","I","20190930144328000","20191217052200","20191217052227","S","trk_tx_191217172200002000"
"20192043","대구광역시달성군_20190101_071751","대구광역시달성군_20190101_071751","3830.00","대구광역시","달성군 다사읍","","","11134","1601","1","128.459366","35.857101","128.460159","35.857498","6.88","191.00","34.00","0.72","1.60","1.50","0","ACCEPT","2019-09-30 14:43:33","2019-12-17 17:22:27","393963","I","20190930144333000","20191217052200","20191217052227","S","trk_tx_191217172200002000"
"20191032","강원도평창군_20190101_064148","강원도평창군_20190101_064148","3883.00","강원도","평창군 대관령면","","","11200","1424","1","128.758896","37.686485","128.758896","37.686489","4.79","1022.00","857.00","1.00","2.00","0.88","0","ACCEPT","2019-09-30 14:43:32","2019-12-17 17:22:27","393960","I","20190930144332000","20191217052200","20191217052227","S","trk_tx_191217172200002000"
"20194","사직공원_20181220_200149","사직공원_20181220_200149","1322.00","광주광역시","남구 사직동","","","2702","0","1","126.911552","35.141766","126.911270","35.143299","1.44","123.00","93.00","0.10","1.22","0.00","0","ACCEPT","2019-09-30 14:43:35","2019-12-17 17:22:27","393968","I","20190930144335000","20191217052200","20191217052227","S","trk_tx_191217172200002000"
"20195","비슬산_20190101_000026","비슬산_20190101_000026","1.00","대구광역시","달성군 가창면","","","0","3","1","128.524078","35.715485","128.524078","35.715481","0.00","1112.00","1112.00","0.00","0.00","0.00","0","ACCEPT","2019-09-30 14:43:36","2019-12-17 17:22:27","393970","I","20190930144336000","20191217052200","20191217052227","S","trk_tx_191217172200002000"
"20196","대구광역시동구_20181231_185812","대구광역시동구_20181231_185812","8.00","대구광역시","동구 공산동","","","151","0","1","128.726120","35.970577","128.726181","35.970531","0.00","394.00","391.00","0.00","0.01","0.00","0","ACCEPT","2019-09-30 14:43:36","2019-12-17 17:22:27","393971","I","20190930144336000","20191217052200","20191217052227","S","trk_tx_191217172200002000"
"20193051","성재산-계족산성산성봉_20190101_055727","성재산-계족산성산성봉_20190101_055727","8439.00","대전광역시","대덕구 법2동","","","24416","3137","1","127.432571","36.372074","127.432632","36.371975","5.62","456.00","96.00","1.60","4.94","1.90","0","ACCEPT","2019-09-30 14:43:31","2019-12-17 17:22:27","393958","I","20190930144331000","20191217052200","20191217052227","S","trk_tx_191217172200002000"
"20196092","경기도오산시_20190101_100718","경기도오산시_20190101_100718","5982.00","경기도","오산시 신장동","","","13759","841","1","127.070206","37.163036","127.062790","37.173031","3.82","179.00","43.00","0.80","4.20","1.10","0","ACCEPT","2019-09-30 14:43:33","2019-12-17 17:22:27","393962","I","20190930144333000","20191217052200","20191217052227","S","trk_tx_191217172200002000"
"20191034","달음산_20190101_063148","달음산_20190101_063148","473.00","부산광역시","기장군 정관읍","","","3941","0","1","129.199585","35.311871","129.210815","35.308060","13.92","601.00","276.00","1.19","0.30","0.00","0","ACCEPT","2019-09-30 14:43:36","2019-12-17 17:22:27","393969","I","20190930144336000","20191217052200","20191217052227","S","trk_tx_191217172200002000"
"20192044","대구광역시동구_20190101_063347","대구광역시동구_20190101_063347","4909.00","대구광역시","동구 불로.봉무동","","","13320","3833","1","128.650909","35.929016","128.648102","35.920246","6.94","354.00","72.00","1.00","2.40","1.50","0","ACCEPT","2019-09-30 14:43:34","2019-12-17 17:22:27","393966","I","20190930144334000","20191217052200","20191217052227","S","trk_tx_191217172200002000"
"20191035","개운산_20190101_065621","개운산_20190101_065621","2210.00","서울특별시","성북구 종암동","","","3834","3318","1","127.029381","37.602123","127.029289","37.602024","3.95","149.00","64.00","0.30","1.50","0.40","0","ACCEPT","2019-09-30 14:43:36","2019-12-17 17:22:27","393976","I","20190930144336000","20191217052200","20191217052227","S","trk_tx_191217172200002000"
"20194067","금정산","금정산","7927.00","부산광역시","금정구 청룡노포동","","","32221","10149","1","129.073227","35.283237","129.073242","35.281944","8.19","836.00","289.00","2.60","3.50","1.83","0","ACCEPT","2019-09-30 14:43:34","2019-12-17 17:22:27","393964","I","20190930144334000","20191217052200","20191217052227","S","trk_tx_191217172200002000"
"20192045","관악산연주대-자운암국기대_20190101_061942","관악산연주대-자운암국기대_20190101_061942","3984.00","서울특별시","관악구 대학동","","","20449","2054","1","126.949783","37.447334","126.949203","37.448067","14.77","660.00","210.00","1.50","0.70","1.70","0","ACCEPT","2019-09-30 14:43:37","2019-12-17 17:22:27","393977","I","20190930144337000","20191217052200","20191217052227","S","trk_tx_191217172200002000"
"20193052","계양산-계양공원_20190101_071334","계양산-계양공원_20190101_071334","6779.00","인천광역시","계양구 계산2동","","","15844","119","1","126.712837","37.545158","126.730804","37.531231","6.90","414.00","42.00","1.50","3.78","1.50","0","ACCEPT","2019-09-30 14:43:36","2019-12-17 17:22:27","393973","I","20190930144336000","20191217052200","20191217052227","S","trk_tx_191217172200002000"
"20191037","경기도부천시원미구_20190101_065221","경기도부천시원미구_20190101_065221","4220.00","경기도","부천시 부천동","","","11603","0","1","126.798233","37.505493","126.786270","37.497295","4.38","141.00","40.00","0.60","2.82","0.80","0","ACCEPT","2019-09-30 14:43:39","2019-12-17 17:22:27","393982","I","20190930144339000","20191217052200","20191217052227","S","trk_tx_191217172200002000"
"20196094","하동 금오산    청소년수련원 해맞이공원","하동 금오산    청소년수련원 해맞이공원","7252.00","경상남도","하동군 금남면","","","30552","1822","1","127.896713","34.982105","127.896843","34.982254","12.58","858.00","108.00","3.10","1.35","2.80","0","ACCEPT","2019-09-30 14:43:38","2019-12-17 17:22:27","393979","I","20190930144338000","20191217052200","20191217052227","S","trk_tx_191217172200002000"
"20194068","할미산-석성산_20190101_064423","할미산-석성산_20190101_064423","6079.00","경기도","용인시 기흥구 동백동","","","22452","4034","1","127.166222","37.285748","127.151245","37.274673","9.46","495.00","152.00","1.70","2.58","1.80","0","ACCEPT","2019-09-30 14:43:39","2019-12-17 17:22:27","393981","I","20190930144339000","20191217052200","20191217052227","S","trk_tx_191217172200002000"
"20191038","충청남도아산시_20181231_075736","충청남도아산시_20181231_075736","5817.00","충청남도","아산시 온양2동","","","14038","48","1","126.996170","36.781342","126.996155","36.781376","5.33","200.00","61.00","1.20","3.00","1.62","0","ACCEPT","2019-09-30 14:43:41","2019-12-17 17:22:27","393986","I","20190930144341000","20191217052200","20191217052227","S","trk_tx_191217172200002000"
"20193053","충남_계룡산_남매탑__일출산행_20190101_055520","충남_계룡산_남매탑__일출산행_20190101_055520","7552.00","충청남도","공주시 반포면","","","23603","4220","1","127.239075","36.358067","127.238808","36.358112","7.32","630.00","185.00","1.90","4.05","1.60","0","ACCEPT","2019-09-30 14:43:40","2019-12-17 17:22:27","393985","I","20190930144340000","20191217052200","20191217052227","S","trk_tx_191217172200002000"
"20196095","검단산_20190101_090547","검단산_20190101_090547","6517.00","경기도","하남시 천현동","","","23529","1300","1","127.228218","37.531471","127.229584","37.532005","11.77","685.00","54.00","2.90","0.50","3.10","0","ACCEPT","2019-09-30 14:43:42","2019-12-17 17:22:27","393987","I","20190930144342000","20191217052200","20191217052227","S","trk_tx_191217172200002000"
"20195080","충청북도보은군_20190101_033745","충청북도보은군_20190101_033745","15471.00","충청북도","보은군 속리산면","","","53653","12743","1","127.821030","36.533024","127.822624","36.531967","8.25","1055.00","357.00","3.78","8.53","3.17","0","ACCEPT","2019-09-30 14:43:37","2019-12-17 17:22:27","393978","I","20190930144337000","20191217052200","20191217052227","S","trk_tx_191217172200002000"
"20192047","와룡_20190101_060052","와룡_20190101_060052","4967.00","서울특별시","종로구 혜화동","","","20411","4021","1","127.000732","37.589146","127.000648","37.589111","3.97","222.00","88.00","0.70","3.47","0.80","0","ACCEPT","2019-09-30 14:43:44","2019-12-17 17:22:27","393991","I","20190930144344000","20191217052200","20191217052227","S","trk_tx_191217172200002000"
"20193055","월라산_20190101_070437","월라산_20190101_070437","2241.00","충청남도","아산시 송악면","","","10535","10328","1","127.000656","36.735897","127.000298","36.734997","9.91","277.00","76.00","0.80","0.54","0.90","0","ACCEPT","2019-09-30 14:43:46","2019-12-17 17:22:27","393993","I","20190930144346000","20191217052200","20191217052227","S","trk_tx_191217172200002000"
"20191040","전라남도목포시_20190101_071529","전라남도목포시_20190101_071529","2845.00","전라남도","목포시 목원동","","","5008","253","1","126.374802","34.792267","126.369904","34.800720","4.88","194.00","40.00","0.40","2.20","0.70","0","ACCEPT","2019-09-30 14:43:46","2019-12-17 17:22:27","393994","I","20190930144346000","20191217052200","20191217052227","S","trk_tx_191217172200002000"
"20194070","태백산장군봉-태백산_20190101_050005","태백산장군봉-태백산_20190101_050005","8538.00","강원도","태백시 문곡소도동","","","40303","4623","1","128.908447","37.120209","128.949112","37.116890","10.48","1600.00","883.00","3.30","1.30","3.90","0","ACCEPT","2019-09-30 14:43:43","2019-12-17 17:22:27","393989","I","20190930144343000","20191217052200","20191217052227","S","trk_tx_191217172200002000"
"20191041","함백산_20190101_055929","함백산_20190101_055929","2257.00","강원도","정선군 고한읍","","","11433","5429","1","128.914764","37.154541","128.913284","37.152267","14.62","1611.00","1367.00","0.80","0.76","0.70","0","ACCEPT","2019-09-30 14:43:48","2019-12-17 17:22:27","394000","I","20190930144348000","20191217052200","20191217052227","S","trk_tx_191217172200002000"
"201911","경기도용인시수지구_20181231_235826","경기도용인시수지구_20181231_235826","288.00","경기도","용인시 수지구 풍덕천1동","","","427","0","1","127.103180","37.327293","127.103378","37.322014","1.33","112.00","89.00","0.00","0.60","0.00","0","ACCEPT","2019-09-30 14:43:49","2019-12-17 17:22:27","394003","I","20190930144349000","20191217052200","20191217052227","S","trk_tx_191217172200002000"
"20193056","아차산_새해_20190101_070909","아차산_새해_20190101_070909","3463.00","서울특별시","광진구 구의2동","","","14606","913","1","127.094879","37.555847","127.094315","37.554390","6.10","198.00","25.00","0.80","1.76","0.80","0","ACCEPT","2019-09-30 14:43:48","2019-12-17 17:22:27","393999","I","20190930144348000","20191217052200","20191217052227","S","trk_tx_191217172200002000"
"20192048","갈립산빡빡산_20190101_064637","갈립산빡빡산_20190101_064637","5010.00","경기도","의정부시 자금동","","","13336","2517","1","127.074905","37.758968","127.074661","37.759132","7.80","382.00","13.00","1.40","2.30","1.30","0","ACCEPT","2019-09-30 14:43:47","2019-12-17 17:22:27","393998","I","20190930144347000","20191217052200","20191217052227","S","trk_tx_191217172200002000"
"20196097","해공신익희선생동상-남한산성_20190101_115329","해공신익희선생동상-남한산성_20190101_115329","20.00","경기도","광주시 남한산성면","","","58","0","1","127.188789","37.476757","127.188606","37.476646","0.00","344.00","339.00","0.00","0.02","0.00","0","ACCEPT","2019-09-30 14:43:51","2019-12-17 17:22:27","394007","I","20190930144351000","20191217052200","20191217052227","S","trk_tx_191217172200002000"
"20192049","전라북도완주군_봉실산_20190101_065131","전라북도완주군_봉실산_20190101_065131","3499.00","전라북도","완주군 봉동읍","","","12526","2844","1","127.129349","35.968277","127.128693","35.968712","8.89","345.00","101.00","0.80","1.80","0.90","0","ACCEPT","2019-09-30 14:43:50","2019-12-17 17:22:27","394006","I","20190930144350000","20191217052200","20191217052227","S","trk_tx_191217172200002000"
"20191042","망일봉-함지산_20190101_061851","망일봉-함지산_20190101_061851","5859.00","대구광역시","북구 구암동","","","12849","700","1","128.567169","35.932785","128.568817","35.931988","8.16","315.00","84.00","1.90","2.10","1.86","0","ACCEPT","2019-09-30 14:43:49","2019-12-17 17:22:27","394002","I","20190930144349000","20191217052200","20191217052227","S","trk_tx_191217172200002000"
"20195081","미타봉동봉-염불봉_20190101_053241","미타봉동봉-염불봉_20190101_053241","9408.00","대구광역시","동구 공산동","","","41650","5407","1","128.681580","35.992420","128.681488","35.992474","10.10","1197.00","453.00","3.30","2.70","3.40","0","ACCEPT","2019-09-30 14:43:47","2019-12-17 17:22:27","393997","I","20190930144347000","20191217052200","20191217052227","S","trk_tx_191217172200002000"
"20191043","기마봉_20190101_072113","기마봉_20190101_072113","3270.00","강원도","강릉시 옥계면","","","4225","506","1","129.019608","37.643627","129.016022","37.643623","4.40","388.00","259.00","0.60","2.07","0.60","0","ACCEPT","2019-09-30 14:43:52","2019-12-17 17:22:27","394011","I","20190930144352000","20191217052200","20191217052227","S","trk_tx_191217172200002000"
"201912","충청남도공주시_20181230_091329","충청남도공주시_20181230_091329","7926.00","충청남도","공주시 계룡면","","","32958","12138","1","127.180641","36.370045","127.180351","36.370426","10.75","801.00","140.00","2.50","2.33","3.10","0","ACCEPT","2019-09-30 14:43:50","2019-12-17 17:22:27","394004","I","20190930144350000","20191217052200","20191217052227","S","trk_tx_191217172200002000"
"20192051","관기봉_20190101_062429","관기봉_20190101_062429","7019.00","대구광역시","달성군 유가읍","","","21106","1008","1","128.505951","35.692562","128.506134","35.692745","9.43","1017.00","484.00","2.00","2.10","2.90","0","ACCEPT","2019-09-30 14:43:55","2019-12-17 17:22:27","394018","I","20190930144355000","20191217052200","20191217052227","S","trk_tx_191217172200002000"
"20192052","경기도부천시원미구_20190101_070654","경기도부천시원미구_20190101_070654","3103.00","경기도","부천시 부천동","","","10442","3421","1","126.797180","37.504837","126.792160","37.497532","5.39","168.00","22.00","0.70","1.70","0.70","0","ACCEPT","2019-09-30 14:43:57","2019-12-17 17:22:27","394022","I","20190930144357000","20191217052200","20191217052227","S","trk_tx_191217172200002000"
"20191045","울산간절곶해맞이_20190101_062558","울산간절곶해맞이_20190101_062558","3555.00","울산광역시","울주군 서생면","","","5449","4826","1","129.346573","35.352619","129.346298","35.352932","0.40","56.00","38.00","0.10","3.40","0.00","0","ACCEPT","2019-09-30 14:43:58","2019-12-17 17:22:27","394023","I","20190930144358000","20191217052200","20191217052227","S","trk_tx_191217172200002000"
"20195082","지리산천왕봉_20190101_025505","지리산천왕봉_20190101_025505","10755.00","경상남도","산청군 시천면","","","54910","15930","1","127.749107","35.303898","127.751656","35.301666","16.83","1944.00","594.00","4.52","1.26","4.98","0","ACCEPT","2019-09-30 14:43:53","2019-12-17 17:22:27","394012","I","20190930144353000","20191217052200","20191217052227","S","trk_tx_191217172200002000"
"20193058","백암봉-중봉-덕유산향적봉-실크로드상단-실크로드상단-미뉴에트-설천봉_20190101_031835","백암봉-중봉-덕유산향적봉-실크로드상단-실크로드상단-미뉴에트-설천봉_20190101_031835","10556.00","전라북도","무주군 안성면","","","42227","13249","1","127.699905","35.838009","127.745033","35.889160","8.49","1639.00","595.00","4.84","3.80","0.30","0","ACCEPT","2019-09-30 14:43:54","2019-12-17 17:22:27","394015","I","20190930144354000","20191217052200","20191217052227","S","trk_tx_191217172200002000"
"20194072","소공원-형제봉-비로봉-광교산시루봉-수리봉암봉_20190101_055731","소공원-형제봉-비로봉-광교산시루봉-수리봉암봉_20190101_055731","14255.00","경기도","용인시 수지구 성복동","","","34521","539","1","127.076195","37.313091","127.075584","37.312366","8.30","654.00","123.00","3.12","7.72","3.41","0","ACCEPT","2019-09-30 14:43:52","2019-12-17 17:22:27","394009","I","20190930144352000","20191217052200","20191217052227","S","trk_tx_191217172200002000"
"20196099","삼각봉-한라산-백록담동능__관음사콧_20190101_010929","삼각봉-한라산-백록담동능__관음사콧_20190101_010929","17907.00","제주특별자치도","제주시 아라동","","","74731","25710","1","126.550247","33.421886","126.550217","33.421715","14.25","1952.00","601.00","6.92","4.93","6.06","0","ACCEPT","2019-09-30 14:43:55","2019-12-17 17:22:27","394016","I","20190930144355000","20191217052200","20191217052227","S","trk_tx_191217172200002000"
"20191046","장군대산_20190101_065509","장군대산_20190101_065509","4187.00","경상남도","진주시 금산면","","","5720","1656","1","128.186081","35.199863","128.188293","35.198925","6.59","507.00","258.00","1.30","1.19","1.70","0","ACCEPT","2019-09-30 14:43:59","2019-12-17 17:22:27","394025","I","20190930144359000","20191217052200","20191217052227","S","trk_tx_191217172200002000"
"201917","타종_20181231_152507","타종_20181231_152507","8646.00","울산광역시","남구 달동","","","20939","62846","1","129.321533","35.537827","129.305847","35.529755","0.86","75.00","14.00","0.20","8.25","0.20","0","ACCEPT","2019-09-30 14:43:57","2019-12-17 17:22:27","394021","I","20190930144357000","20191217052200","20191217052227","S","trk_tx_191217172200002000"
"20193059","경기도남양주시_20190101_062001","경기도남양주시_20190101_062001","7445.00","경기도","남양주시 화도읍","","","23208","2150","1","127.292496","37.664978","127.303955","37.666374","12.24","807.00","112.00","2.80","1.70","2.94","0","ACCEPT","2019-09-30 14:44:00","2019-12-17 17:22:27","394027","I","20190930144400000","20191217052200","20191217052227","S","trk_tx_191217172200002000"
"20195083","서울특별시종로구_20181230_124518","서울특별시종로구_20181230_124518","4945.00","서울특별시","종로구 평창동","","","33659","0","1","126.956566","37.608555","126.925812","37.621189","9.28","451.00","9.00","1.30","1.85","1.80","0","ACCEPT","2019-09-30 14:44:00","2019-12-17 17:22:27","394026","I","20190930144400000","20191217052200","20191217052227","S","trk_tx_191217172200002000"
"20191047","인천광역시남동구_20190101_064936","인천광역시남동구_20190101_064936","1440.00","인천광역시","남동구 간석3동","","","3720","4224","1","126.710800","37.471275","126.709969","37.470028","10.63","204.00","59.00","0.40","0.74","0.30","0","ACCEPT","2019-09-30 14:44:02","2019-12-17 17:22:27","394030","I","20190930144402000","20191217052200","20191217052227","S","trk_tx_191217172200002000"
"20196101","상주산_20190101_103720","상주산_20190101_103720","3187.00","인천광역시","강화군 삼산면","","","11413","314","1","126.315849","37.739746","126.315895","37.739632","8.60","276.00","18.00","1.30","0.70","1.19","0","ACCEPT","2019-09-30 14:44:02","2019-12-17 17:22:27","394034","I","20190930144402000","20191217052200","20191217052227","S","trk_tx_191217172200002000"
"20196102","충청북도영동군_20190101_100829","충청북도영동군_20190101_100829","514.00","충청북도","영동군 양강면","","","5606","5017","1","127.690773","36.145390","127.690819","36.145432","5.67","181.00","141.00","0.10","0.30","0.20","0","ACCEPT","2019-09-30 14:44:04","2019-12-17 17:22:27","394046","I","20190930144404000","20191217052200","20191217052227","S","trk_tx_191217172200002000"
"20195085","충북단양군_20190101_052019","충북단양군_20190101_052019","5206.00","충청북도","단양군 가곡면","","","23400","425","1","128.459595","36.986645","128.483307","36.963440","0.00","1453.00","452.00","0.00","0.00","0.00","0","ACCEPT","2019-09-30 14:44:03","2019-12-17 17:22:27","394039","I","20190930144403000","20191217052200","20191217052227","S","trk_tx_191217172200002000"
"20193060","미륵산_20190101_063927","미륵산_20190101_063927","6078.00","전라북도","익산시 금마면","","","23307","113","1","127.033501","36.012867","127.041336","36.004814","8.69","484.00","67.00","0.40","4.00","1.10","0","ACCEPT","2019-09-30 14:44:02","2019-12-17 17:22:27","394035","I","20190930144402000","20191217052200","20191217052227","S","trk_tx_191217172200002000"
"20192053","봉황산-금오산-금오산금오봉_20190101_034855","봉황산-금오산-금오산금오봉_20190101_034855","9750.00","전라남도","여수시 돌산읍","","","40354","4554","1","127.782799","34.640987","127.800949","34.593292","7.15","470.00","40.00","2.25","5.60","1.90","0","ACCEPT","2019-09-30 14:43:59","2019-12-17 17:22:27","394024","I","20190930144359000","20191217052200","20191217052227","S","trk_tx_191217172200002000"
"20191049","대구광역시남구_20190101_062707","대구광역시남구_20190101_062707","2391.00","대구광역시","남구 봉덕2동","","","5923","415","1","128.598633","35.822704","128.586304","35.807507","9.62","582.00","228.00","1.69","0.70","0.00","0","ACCEPT","2019-09-30 14:44:04","2019-12-17 17:22:27","394045","I","20190930144404000","20191217052200","20191217052227","S","trk_tx_191217172200002000"
"20194074","마두봉-향로봉_20190101_045300","마두봉-향로봉_20190101_045300","7214.00","경상북도","포항시 북구 죽장면","","","32242","13426","1","129.236069","36.268116","129.236176","36.268089","12.25","968.00","309.00","2.60","1.90","2.71","0","ACCEPT","2019-09-30 14:44:02","2019-12-17 17:22:27","394033","I","20190930144402000","20191217052200","20191217052227","S","trk_tx_191217172200002000"
"20192054","형제봉_20190101_062420","형제봉_20190101_062420","6182.00","경기도","수원시 영통구 광교1동","","","21416","724","1","127.042282","37.308418","127.044479","37.308292","9.54","507.00","121.00","1.90","1.90","2.28","0","ACCEPT","2019-09-30 14:44:05","2019-12-17 17:22:27","394051","I","20190930144405000","20191217052200","20191217052227","S","trk_tx_191217172200002000"
"20194075","고룡산_일출_2019_20190101_064734","고룡산_일출_2019_20190101_064734","3488.00","충청남도","아산시 영인면","","","13757","3642","1","126.981766","36.883778","126.996719","36.899864","9.23","323.00","47.00","0.80","1.39","1.30","0","ACCEPT","2019-09-30 14:44:07","2019-12-17 17:22:27","394054","I","20190930144407000","20191217052200","20191217052227","S","trk_tx_191217172200002000"
"20196104","광양 가야산   시루봉 가야산","광양 가야산   시루봉 가야산","5257.00","전라남도","광양시 옥곡면","","","15436","424","1","127.704819","34.983490","127.696976","34.954033","10.29","524.00","42.00","1.90","2.26","1.10","0","ACCEPT","2019-09-30 14:44:06","2019-12-17 17:22:27","394053","I","20190930144406000","20191217052200","20191217052227","S","trk_tx_191217172200002000"
"20192055","고산골공룡공원-산성산_20190101_061547","고산골공룡공원-산성산_20190101_061547","6100.00","대구광역시","남구 봉덕2동","","","15527","3400","1","128.603622","35.829792","128.607056","35.832233","18.70","684.00","97.00","3.10","1.10","1.10","0","ACCEPT","2019-09-30 14:44:07","2019-12-17 17:22:27","394055","I","20190930144407000","20191217052200","20191217052227","S","trk_tx_191217172200002000"
"20193062","태백산장군봉-태백산_20190101_040204","태백산장군봉-태백산_20190101_040204","8212.00","강원도","태백시 문곡소도동","","","33858","13243","1","128.908951","37.120319","128.908264","37.120213","10.27","1594.00","916.00","3.00","2.50","2.70","0","ACCEPT","2019-09-30 14:44:08","2019-12-17 17:22:27","394056","I","20190930144408000","20191217052200","20191217052227","S","trk_tx_191217172200002000"
"20194076","소백산비로봉-삼가탐방지원센터_20190101_044850","소백산비로봉-삼가탐방지원센터_20190101_044850","7118.00","경상북도","영주시 풍기읍","","","42043","4043","1","128.500748","36.939018","128.500717","36.938938","15.16","1469.00","613.00","3.30","0.30","3.52","0","ACCEPT","2019-09-30 14:44:09","2019-12-17 17:22:27","394059","I","20190930144409000","20191217052200","20191217052227","S","trk_tx_191217172200002000"
"20191051","칠보산_20190101_064114","칠보산_20190101_064114","4716.00","경기도","수원시 권선구 금곡동","","","11644","1147","1","126.947449","37.276798","126.930527","37.261868","2.55","254.00","78.00","0.70","3.90","0.10","0","ACCEPT","2019-09-30 14:44:10","2019-12-17 17:22:27","394063","I","20190930144410000","20191217052200","20191217052227","S","trk_tx_191217172200002000"
"20192057","불곡산_20190101_065026","불곡산_20190101_065026","5661.00","경기도","성남시 분당구 구미1동","","","13700","1440","1","127.116417","37.349766","127.109879","37.350636","5.95","353.00","83.00","1.20","2.66","1.70","0","ACCEPT","2019-09-30 14:44:10","2019-12-17 17:22:27","394062","I","20190930144410000","20191217052200","20191217052227","S","trk_tx_191217172200002000"
"20191052","아미산_20190101_070020","아미산_20190101_070020","2437.00","충청남도","당진시 면천면","","","4556","2338","1","126.658394","36.848186","126.653687","36.850372","11.54","373.00","129.00","0.90","0.50","1.00","0","ACCEPT","2019-09-30 14:44:13","2019-12-17 17:22:27","394068","I","20190930144413000","20191217052200","20191217052227","S","trk_tx_191217172200002000"
"20192058","금수봉_20190101_062826","금수봉_20190101_062826","5080.00","대전광역시","유성구 진잠동","","","21754","0","1","127.290321","36.345238","127.291107","36.346092","8.83","473.00","112.00","1.20","2.68","1.20","0","ACCEPT","2019-09-30 14:44:14","2019-12-17 17:22:27","394069","I","20190930144414000","20191217052200","20191217052227","S","trk_tx_191217172200002000"
"20191053","함백산_20190101_060913","함백산_20190101_060913","852.00","강원도","태백시 문곡소도동","","","5117","10926","1","128.915771","37.154629","128.916489","37.160038","11.98","1592.00","1349.00","0.70","0.64","0.00","0","ACCEPT","2019-09-30 14:44:15","2019-12-17 17:22:27","394071","I","20190930144415000","20191217052200","20191217052227","S","trk_tx_191217172200002000"
"20194077","어승생악_20190101_081248","어승생악_20190101_081248","3856.00","제주특별자치도","제주시 노형동","","","13611","114","1","126.485664","33.390545","126.485489","33.390396","7.34","1197.00","949.00","0.90","1.96","1.00","0","ACCEPT","2019-09-30 14:44:13","2019-12-17 17:22:27","394067","I","20190930144413000","20191217052200","20191217052227","S","trk_tx_191217172200002000"
"20195090","팔룡산_20190101_091531","팔룡산_20190101_091531","4445.00","경상남도","창원시 마산회원구 양덕2동","","","12701","123","1","128.583588","35.227180","128.589508","35.238426","8.84","364.00","16.00","1.20","1.90","1.34","0","ACCEPT","2019-09-30 14:44:13","2019-12-17 17:22:27","394066","I","20190930144413000","20191217052200","20191217052227","S","trk_tx_191217172200002000"
"20193063","의상봉-원효봉-금정산고당봉_20190101_050344","의상봉-원효봉-금정산고당봉_20190101_050344","3765.00","부산광역시","금정구 금성동","","","15333","0","1","129.061493","35.241970","129.050644","35.280132","7.34","827.00","311.00","2.35","2.60","0.30","0","ACCEPT","2019-09-30 14:44:13","2019-12-17 17:22:27","394065","I","20190930144413000","20191217052200","20191217052227","S","trk_tx_191217172200002000"
"20191054","경기도시흥시_20190101_071301","경기도시흥시_20190101_071301","2212.00","경기도","시흥시 신천동","","","4726","936","1","126.781593","37.444763","126.779427","37.442066","8.73","235.00","76.00","0.30","1.20","0.70","0","ACCEPT","2019-09-30 14:44:15","2019-12-17 17:22:27","394074","I","20190930144415000","20191217052200","20191217052227","S","trk_tx_191217172200002000"
"20195091","성남시_영장산_산행_2019년_1월1일_10시_20190101_101056","성남시_영장산_산행_2019년_1월1일_10시_20190101_101056","1619.00","경기도","성남시 분당구 이매1동","","","3046","242","1","127.141335","37.396290","127.131836","37.394066","7.56","255.00","76.00","0.20","0.50","0.90","0","ACCEPT","2019-09-30 14:44:16","2019-12-17 17:22:27","394076","I","20190930144416000","20191217052200","20191217052227","S","trk_tx_191217172200002000"
"20192059","일광산_20190101_064735","일광산_20190101_064735","5528.00","부산광역시","기장군 기장읍","","","15546","242","1","129.217621","35.255749","129.217056","35.255768","8.88","445.00","58.00","1.70","1.73","2.10","0","ACCEPT","2019-09-30 14:44:15","2019-12-17 17:22:27","394073","I","20190930144415000","20191217052200","20191217052227","S","trk_tx_191217172200002000"
"20196105","국사봉-이수봉-석기봉-청계산망경대-매봉-판교제4호판교-금토산_20190101_054000","국사봉-이수봉-석기봉-청계산망경대-매봉-판교제4호판교-금토산_20190101_054000","15817.00","경기도","성남시 분당구 운중동","","","50712","10459","1","127.058296","37.391621","127.090729","37.388176","11.21","623.00","78.00","5.30","4.27","6.24","0","ACCEPT","2019-09-30 14:44:09","2019-12-17 17:22:27","394060","I","20190930144409000","20191217052200","20191217052227","S","trk_tx_191217172200002000"
"20194080","관악산연주대_20190101_053731","관악산연주대_20190101_053731","919.00","서울특별시","관악구 남현동","","","32329","4915","1","126.972099","37.462711","126.973915","37.471462","4.74","664.00","100.00","0.10","0.25","0.30","0","ACCEPT","2019-09-30 14:44:19","2019-12-17 17:22:27","394084","I","20190930144419000","20191217052200","20191217052227","S","trk_tx_191217172200002000"
"20191055","서봉산_20190101_055206","서봉산_20190101_055206","8242.00","경기도","화성시 봉담읍","","","20228","1544","1","126.942696","37.183372","126.942490","37.183567","3.69","275.00","58.00","1.00","5.84","1.40","0","ACCEPT","2019-09-30 14:44:17","2019-12-17 17:22:27","394079","I","20190930144417000","20191217052200","20191217052227","S","trk_tx_191217172200002000"
"20192060","서울특별시광진구_20190101_070126","서울특별시광진구_20190101_070126","5695.00","서울특별시","광진구 자양1동","","","12241","2156","1","127.082939","37.539482","127.082451","37.539711","3.02","155.00","37.00","0.40","4.40","0.90","0","ACCEPT","2019-09-30 14:44:19","2019-12-17 17:22:27","394081","I","20190930144419000","20191217052200","20191217052227","S","trk_tx_191217172200002000"
"20194081","서울특별시도봉구_20190101_052907","서울특별시도봉구_20190101_052907","8995.00","서울특별시","도봉구 도봉1동","","","31848","10229","1","127.037552","37.686760","127.050674","37.666939","8.60","711.00","31.00","2.70","4.62","2.80","0","ACCEPT","2019-09-30 14:44:19","2019-12-17 17:22:27","394085","I","20190930144419000","20191217052200","20191217052227","S","trk_tx_191217172200002000"
"20193065","중봉-가지산_20190101_050526","중봉-가지산_20190101_050526","5964.00","경상남도","밀양시 산내면","","","30635","10156","1","129.019333","35.608944","129.019363","35.608940","13.06","1258.00","670.00","2.30","1.90","1.76","0","ACCEPT","2019-09-30 14:44:19","2019-12-17 17:22:27","394083","I","20190930144419000","20191217052200","20191217052227","S","trk_tx_191217172200002000"
"20192061","울산광역시북구 무룡산 일출_20190101_053629","울산광역시북구 무룡산 일출_20190101_053629","7071.00","울산광역시","북구 송정동","","","23308","3642","1","129.373398","35.591625","129.373795","35.591724","10.80","445.00","64.00","2.60","1.77","2.70","0","ACCEPT","2019-09-30 14:44:22","2019-12-17 17:22:27","394090","I","20190930144422000","20191217052200","20191217052227","S","trk_tx_191217172200002000"
"20196106","제주특별자치도_20190101_020959","제주특별자치도_20190101_020959","18144.00","제주특별자치도","제주시 조천읍","","","75913","14551","1","126.619827","33.384892","126.550331","33.421574","13.72","1927.00","584.00","7.65","2.49","7.99","0","ACCEPT","2019-09-30 14:44:19","2019-12-17 17:22:27","394082","I","20190930144419000","20191217052200","20191217052227","S","trk_tx_191217172200002000"
"20196107","월악산영봉_20190101_084439","월악산영봉_20190101_084439","6454.00","충청북도","제천시 덕산면","","","25434","1548","1","128.131805","36.880032","128.130234","36.879154","15.84","1112.00","288.00","2.40","1.55","2.50","0","ACCEPT","2019-09-30 14:44:24","2019-12-17 17:22:27","394095","I","20190930144424000","20191217052200","20191217052227","S","trk_tx_191217172200002000"
"20194082","관악산연주대_20190101_053833","관악산연주대_20190101_053833","7583.00","경기도","과천시 중앙동","","","32031","5117","1","126.987778","37.429665","126.988251","37.429039","9.28","657.00","93.00","1.80","2.68","2.50","0","ACCEPT","2019-09-30 14:44:22","2019-12-17 17:22:27","394091","I","20190930144422000","20191217052200","20191217052227","S","trk_tx_191217172200002000"
"20195093","신불산_20190101_041812","신불산_20190101_041812","13486.00","울산광역시","울주군 상북면","","","41800","20842","1","129.068146","35.555748","129.078842","35.556789","11.14","1190.00","208.00","2.76","4.60","4.95","0","ACCEPT","2019-09-30 14:44:20","2019-12-17 17:22:27","394086","I","20190930144420000","20191217052200","20191217052227","S","trk_tx_191217172200002000"
"20192062","마니산_20190101_054129","마니산_20190101_054129","5606.00","인천광역시","강화군 화도면","","","23144","3137","1","126.407028","37.622707","126.407196","37.622669","6.80","484.00","138.00","1.20","3.40","1.00","0","ACCEPT","2019-09-30 14:44:24","2019-12-17 17:22:27","394094","I","20190930144424000","20191217052200","20191217052227","S","trk_tx_191217172200002000"
"20191058","2호근린공원도청이전-검무산_20190101_070650","2호근린공원도청이전-검무산_20190101_070650","4303.00","경상북도","예천군 호명면","","","10021","308","1","128.479584","36.577770","128.505844","36.576710","6.30","363.00","132.00","0.90","2.40","1.00","0","ACCEPT","2019-09-30 14:44:26","2019-12-17 17:22:27","394096","I","20190930144426000","20191217052200","20191217052227","S","trk_tx_191217172200002000"
"20196109","경상북도구미시_20190101_052232","경상북도구미시_20190101_052232","696.00","경상북도","구미시 선주원남동","","","23345","1746","1","128.306091","36.108429","128.297913","36.096256","21.76","1019.00","189.00","0.30","0.16","0.30","0","ACCEPT","2019-09-30 14:44:30","2019-12-17 17:22:27","394105","I","20190930144430000","20191217052200","20191217052227","S","trk_tx_191217172200002000"
"20194085","전마산_일출산행_20190101_053110","전마산_일출산행_20190101_053110","4162.00","경기도","남양주시 화도읍","","","15509","22410","1","127.290428","37.665836","127.290955","37.666084","13.89","832.00","170.00","0.50","0.60","2.50","0","ACCEPT","2019-09-30 14:44:29","2019-12-17 17:22:27","394102","I","20190930144429000","20191217052200","20191217052227","S","trk_tx_191217172200002000"
